,Variation Category,Variation Sub Category,Name Variation,Original Name,Resulting Name,Success
0,Initials,firstname_initials_single,firstname_initials_single,Constantinos Christodoulides,C. Christodoulides,True
1,Initials,firstname_initials,firstname_initials,Constantinos Christodoulides,C. Christodoulides,True
2,Initials,initials_lastname,initials_lastname,Constantinos Christodoulides,Constantinos C.,True
3,Initials,lastname_initials_clear_first_name,lastname_initials_clear_first_name,Constantinos Christodoulides, C.,True
4,Character Extension,add_spc_in_letters,add_spc_in_letters,Constantinos Christodoulides,Constantinos C hristodoulides,True
5,Character Extension,add_prefix,add_al_and_hyphen,Constantinos Christodoulides,Constantinos al-Christodoulides,True
6,Character Extension,add_prefix,add_Al_and_space,Constantinos Christodoulides,Constantinos Al-Christodoulides,True
7,Character Extension,add_prefix,add_El_and_space,Constantinos Christodoulides,Constantinos El-Christodoulides,True
8,Character Extension,add_vowel,add_vowel,Constantinos Christodoulides,Constantinos Christoidoulides,True
9,Character Extension,add_h_before_vowel,add_h_before_vowel,Constantinos Christodoulides,Constantinos Christodohulides,True
10,Character Extension,add_consonant,add_consonant_final_s,Constantinos Christodoulides,Constantinos Christodoulidess,True
11,Character Extension,add_consonant,add_consonant_final_r,Constantinos Christodoulides,Constantinosr Christodoulides,True
12,Character Extension,add_consonant,add_consonant_final_z,Constantinos Christodoulides,Constantinosz Christodoulides,True
13,Character Extension,add_consonant,add_consonant_uncommon,Constantinos Christodoulides,Consftantinos Christodoulides,True
14,Character Extension,add_consonant,add_consonant_double,Constantinos Christodoulides,Constantinos Christodoulidess,True
15,Character Extension,add_special_character,add_special_character_apostrophe,Constantinos Christodoulides,Constantinos Christodoulid'es,True
16,Character Extension,add_special_character,add_special_character_accent,Constantinos Christodoulides,Constantinos Christodoulídes,True
17,Character Extension,add_special_character,add_special_character_uncommon,Constantinos Christodoulides,Cons*tantinos Christodoulides,True
18,Character Replacement,phonetic_replacement,phonetic_replacement,Constantinos Christodoulides,Constantinos Christodoulidec,True
19,Character Replacement,typographic_error,typographic_error,Constantinos Christodoulides,Constanrinos Christodoulides,True
20,Character Replacement,alphabet_alternative,alphabet_alternative,Constantinos Christodoulides,Coñstantinos Christodoulides,True
21,Character Replacement,character_replacement_uncommon,character_replacement_uncommon,Constantinos Christodoulides,Constantiqos Christodoulides,True
22,Character Reduction,phonetic_miss,remove_h,Constantinos Christodoulides,Constantinos Cristodoulides,True
23,Character Reduction,phonetic_miss,remove_c_before_k,Constantinos Christodoulides,Constantinos Christodoulides,True
24,Character Reduction,phonetic_miss,remove_e_before_s,Constantinos Christodoulides,Constantinos Christodoulids,True
25,Character Reduction,phonetic_miss,remove_final_s,Constantinos Christodoulides,Constantinos Christodoulide,True
26,Transposition,phonetic_transposition,phonetic_transposition,Constantinos Christodoulides,Constantinos Christodoulieds,True
27,Transposition,transposition_uncommon,transposition_uncommon,Constantinos Christodoulides,Constantinos Christoduolides,True
28,Double Characters,double_character_reduction,double_character_reduction,Constantinos Christodoulides,Constantinos Christodoulides,True
29,Spaces,spaces_reduction,spaces_reduction,Constantinos Christodoulides,ConstantinosChristodoulides,True
30,Spaces,spaces_insertion,spaces_insertion,Constantinos Christodoulides,Constantinos Christodoulid es,True
31,Name Order,random_name_transposition,random_name_transposition,Constantinos Christodoulides,Christodoulides Constantinos,True
32,Name Order,transposition_name,transposition_name,Constantinos Christodoulides,Christodoulides Constantinos,True
33,Titles,title_insertion,title_insertion,Constantinos Christodoulides,Mrs Constantinos Christodoulides,True
34,Missing Name Component,name_component_deletion,name_component_deletion,Constantinos Christodoulides,Christodoulides,True
35,Initials,firstname_initials_single,firstname_initials_single,Mr. Constantinos Christodoulides,M. Constantinos Christodoulides,True
36,Initials,firstname_initials,firstname_initials,Mr. Constantinos Christodoulides,M.C. Christodoulides,True
37,Initials,initials_lastname,initials_lastname,Mr. Constantinos Christodoulides,Mr. Constantinos C.,True
38,Initials,lastname_initials_clear_first_name,lastname_initials_clear_first_name,Mr. Constantinos Christodoulides,Constantinos C.,True
39,Character Extension,add_spc_in_letters,add_spc_in_letters,Mr. Constantinos Christodoulides,Mr. Constantinos Chri stodoulides,True
40,Character Extension,add_prefix,add_al_and_hyphen,Mr. Constantinos Christodoulides,Mr. Constantinos al-Christodoulides,True
41,Character Extension,add_prefix,add_Al_and_space,Mr. Constantinos Christodoulides,Mr. Constantinos Al-Christodoulides,True
42,Character Extension,add_prefix,add_El_and_space,Mr. Constantinos Christodoulides,Mr. Constantinos El-Christodoulides,True
43,Character Extension,add_vowel,add_vowel,Mr. Constantinos Christodoulides,Mr. Constantinos Chriistodoulides,True
44,Character Extension,add_h_before_vowel,add_h_before_vowel,Mr. Constantinos Christodoulides,Mr. Constantinos Christodhoulides,True
45,Character Extension,add_consonant,add_consonant_final_s,Mr. Constantinos Christodoulides,Mr. Constantinos Christodoulidess,True
46,Character Extension,add_consonant,add_consonant_final_r,Mr. Constantinos Christodoulides,Mr.r Constantinos Christodoulides,True
47,Character Extension,add_consonant,add_consonant_final_z,Mr. Constantinos Christodoulides,Mr. Constantinos Christodoulidesz,True
48,Character Extension,add_consonant,add_consonant_uncommon,Mr. Constantinos Christodoulides,Mr. Constantinoks Christodoulides,True
49,Character Extension,add_consonant,add_consonant_double,Mr. Constantinos Christodoulides,Mr. Constantinos Christodoullides,True
50,Character Extension,add_special_character,add_special_character_apostrophe,Mr. Constantinos Christodoulides,Mr. Constanti'nos Christodoulides,True
51,Character Extension,add_special_character,add_special_character_accent,Mr. Constantinos Christodoulides,Mr. Constantinos Christodóulides,True
52,Character Extension,add_special_character,add_special_character_uncommon,Mr. Constantinos Christodoulides,Mr. Constantinos Christodoulid]es,True
53,Character Replacement,phonetic_replacement,phonetic_replacement,Mr. Constantinos Christodoulides,Mr. Constantinos Christuadoulides,True
54,Character Replacement,typographic_error,typographic_error,Mr. Constantinos Christodoulides,Mr. Constanyinos Christodoulides,True
55,Character Replacement,alphabet_alternative,alphabet_alternative,Mr. Constantinos Christodoulides,Mr. Coñstantinos Christodoulides,True
56,Character Replacement,character_replacement_uncommon,character_replacement_uncommon,Mr. Constantinos Christodoulides,Mr. Cwnstantinos Christodoulides,True
57,Character Reduction,phonetic_miss,remove_h,Mr. Constantinos Christodoulides,Mr. Constantinos Cristodoulides,True
58,Character Reduction,phonetic_miss,remove_c_before_k,Mr. Constantinos Christodoulides,Mr. Constantinos Christodoulides,True
59,Character Reduction,phonetic_miss,remove_e_before_s,Mr. Constantinos Christodoulides,Mr. Constantinos Christodoulids,True
60,Character Reduction,phonetic_miss,remove_final_s,Mr. Constantinos Christodoulides,Mr. Constantino Christodoulides,True
61,Transposition,phonetic_transposition,phonetic_transposition,Mr. Constantinos Christodoulides,Mr. Constantinos Chrsitodoulides,True
62,Transposition,transposition_uncommon,transposition_uncommon,Mr. Constantinos Christodoulides,Mr. Constantinos Christoduolides,True
63,Double Characters,double_character_reduction,double_character_reduction,Mr. Constantinos Christodoulides,Mr. Constantinos Christodoulides,True
64,Spaces,spaces_reduction,spaces_reduction,Mr. Constantinos Christodoulides,Mr.Constantinos Christodoulides,True
65,Spaces,spaces_insertion,spaces_insertion,Mr. Constantinos Christodoulides,Mr. Const antinos Christodoulides,True
66,Name Order,random_name_transposition,random_name_transposition,Mr. Constantinos Christodoulides,Christodoulides Mr. Constantinos,True
67,Name Order,transposition_name,transposition_name,Mr. Constantinos Christodoulides,Constantinos Mr. Christodoulides,True
68,Titles,title_insertion,title_insertion,Mr. Constantinos Christodoulides,Ms Mr. Constantinos Christodoulides,True
69,Titles,title_removal,title_removal,Mr. Constantinos Christodoulides,Constantinos Christodoulides,True
70,Missing Name Component,name_component_deletion,name_component_deletion,Mr. Constantinos Christodoulides,Constantinos Christodoulides,True
71,Initials,firstname_initials_single,firstname_initials_single,Mrs. Name1 Name2 Name3,M. Name1 Name2 Name3,True
72,Initials,firstname_initials,firstname_initials,Mrs. Name1 Name2 Name3,M.N. Name2 Name3,True
73,Initials,initials_lastname,initials_lastname,Mrs. Name1 Name2 Name3,Mrs. Name1 Name2 N.,True
74,Initials,lastname_initials_clear_first_name,lastname_initials_clear_first_name,Mrs. Name1 Name2 Name3,Name1 Name2 N.,True
75,Character Extension,add_spc_in_letters,add_spc_in_letters,Mrs. Name1 Name2 Name3,Mrs. Name1 N ame2 Name3,True
76,Character Extension,add_prefix,add_al_and_hyphen,Mrs. Name1 Name2 Name3,Mrs. Name1 Name2 al-Name3,True
77,Character Extension,add_prefix,add_Al_and_space,Mrs. Name1 Name2 Name3,Mrs. Name1 Name2 Al-Name3,True
78,Character Extension,add_prefix,add_El_and_space,Mrs. Name1 Name2 Name3,Mrs. Name1 Name2 El-Name3,True
79,Character Extension,add_vowel,add_vowel,Mrs. Name1 Name2 Name3,Mrus. Name1 Name2 Name3,True
80,Character Extension,add_h_before_vowel,add_h_before_vowel,Mrs. Name1 Name2 Name3,Mrs. Nhame1 Name2 Name3,True
81,Character Extension,add_consonant,add_consonant_final_s,Mrs. Name1 Name2 Name3,Mrs. Name1 Name2s Name3,True
82,Character Extension,add_consonant,add_consonant_final_r,Mrs. Name1 Name2 Name3,Mrs. Name1r Name2 Name3,True
83,Character Extension,add_consonant,add_consonant_final_z,Mrs. Name1 Name2 Name3,Mrs. Name1 Name2z Name3,True
84,Character Extension,add_consonant,add_consonant_uncommon,Mrs. Name1 Name2 Name3,Mnrs. Name1 Name2 Name3,True
85,Character Extension,add_consonant,add_consonant_double,Mrs. Name1 Name2 Name3,Mrrs. Name1 Name2 Name3,True
86,Character Extension,add_special_character,add_special_character_apostrophe,Mrs. Name1 Name2 Name3,Mrs. Name'1 Name2 Name3,True
87,Character Extension,add_special_character,add_special_character_accent,Mrs. Name1 Name2 Name3,Mrs. Name1 Náme2 Name3,True
88,Character Extension,add_special_character,add_special_character_uncommon,Mrs. Name1 Name2 Name3,Mrs. Name1 )Name2 Name3,True
89,Character Replacement,phonetic_replacement,phonetic_replacement,Mrs. Name1 Name2 Name3,Mrs. Name1 Neme2 Name3,True
90,Character Replacement,typographic_error,typographic_error,Mrs. Name1 Name2 Name3,Mrs. Name1 Namr2 Name3,True
91,Character Replacement,alphabet_alternative,alphabet_alternative,Mrs. Name1 Name2 Name3,Mrs. Name1 Name2 Name3,True
92,Character Reduction,phonetic_miss,remove_h,Mrs. Name1 Name2 Name3,Mrs. Name1 Name2 Name3,True
93,Double Characters,double_character_reduction,double_character_reduction,Mrs. Name1 Name2 Name3,Mrs. Name1 Name2 Name3,True
94,Spaces,spaces_reduction,spaces_reduction,Mrs. Name1 Name2 Name3,Mrs. Name1 Name2Name3,True
95,Spaces,spaces_insertion,spaces_insertion,Mrs. Name1 Name2 Name3,Mrs. Name1 Name2 Na me3,True
96,Name Order,random_name_transposition,random_name_transposition,Mrs. Name1 Name2 Name3,Mrs. Name3 Name2 Name1,True
97,Name Order,transposition_name,transposition_name,Mrs. Name1 Name2 Name3,Mrs. Name3 Name2 Name1,True
98,Titles,title_insertion,title_insertion,Mrs. Name1 Name2 Name3,Mx Mrs. Name1 Name2 Name3,True
99,Titles,title_removal,title_removal,Mrs. Name1 Name2 Name3,Name1 Name2 Name3,True
100,Missing Name Component,name_component_deletion,name_component_deletion,Mrs. Name1 Name2 Name3,Mrs. Name1 Name3,True
101,Initials,firstname_initials_single,firstname_initials_single,John George Maria,J. George Maria,True
102,Initials,firstname_initials,firstname_initials,John George Maria,J.G. Maria,True
103,Initials,initials_lastname,initials_lastname,John George Maria,John George M.,True
104,Initials,lastname_initials_clear_first_name,lastname_initials_clear_first_name,John George Maria,George M.,True
105,Character Extension,add_spc_in_letters,add_spc_in_letters,John George Maria,John G eorge Maria,True
106,Character Extension,add_prefix,add_al_and_hyphen,John George Maria,John George al-Maria,True
107,Character Extension,add_prefix,add_Al_and_space,John George Maria,John George Al-Maria,True
108,Character Extension,add_prefix,add_El_and_space,John George Maria,John George El-Maria,True
109,Character Extension,add_vowel,add_vowel,John George Maria,John Geourge Maria,True
110,Character Extension,add_h_before_vowel,add_h_before_vowel,John George Maria,John George Marhia,True
111,Character Extension,add_consonant,add_consonant_final_s,John George Maria,Johns George Maria,True
112,Character Extension,add_consonant,add_consonant_final_r,John George Maria,John George Mariar,True
113,Character Extension,add_consonant,add_consonant_final_z,John George Maria,Johnz George Maria,True
114,Character Extension,add_consonant,add_consonant_uncommon,John George Maria,John Genorge Maria,True
115,Character Extension,add_consonant,add_consonant_double,John George Maria,Johnn George Maria,True
116,Character Extension,add_special_character,add_special_character_apostrophe,John George Maria,J'ohn George Maria,True
117,Character Extension,add_special_character,add_special_character_accent,John George Maria,Jóhn George Maria,True
118,Character Extension,add_special_character,add_special_character_uncommon,John George Maria,John Georg%e Maria,True
119,Character Replacement,phonetic_replacement,phonetic_replacement,John George Maria,John Gaorge Maria,True
120,Character Replacement,typographic_error,typographic_error,John George Maria,John Geofge Maria,True
121,Character Replacement,alphabet_alternative,alphabet_alternative,John George Maria,Johñ George Maria,True
122,Character Replacement,character_replacement_uncommon,character_replacement_uncommon,John George Maria,John Gnorge Maria,True
123,Character Reduction,phonetic_miss,remove_h,John George Maria,Jon George Maria,True
124,Character Reduction,phonetic_miss,remove_c_before_k,John George Maria,John George Maria,True
125,Transposition,phonetic_transposition,phonetic_transposition,John George Maria,John Geroge Maria,True
126,Transposition,transposition_uncommon,transposition_uncommon,John George Maria,John George Marai,True
127,Double Characters,double_character_reduction,double_character_reduction,John George Maria,John George Maria,True
128,Spaces,spaces_reduction,spaces_reduction,John George Maria,JohnGeorge Maria,True
129,Spaces,spaces_insertion,spaces_insertion,John George Maria,John G eorge Maria,True
130,Name Order,random_name_transposition,random_name_transposition,John George Maria,Maria John George,True
131,Name Order,transposition_name,transposition_name,John George Maria,George John Maria,True
132,Titles,title_insertion,title_insertion,John George Maria,Mrs. John George Maria,True
133,Missing Name Component,name_component_deletion,name_component_deletion,John George Maria,John Maria,True
134,Initials,firstname_initials_single,firstname_initials_single,SANTACRUZ LONDONO Jose,S. LONDONO Jose,True
135,Initials,firstname_initials,firstname_initials,SANTACRUZ LONDONO Jose,S.L. Jose,True
136,Initials,initials_lastname,initials_lastname,SANTACRUZ LONDONO Jose,SANTACRUZ LONDONO J.,True
137,Initials,lastname_initials_clear_first_name,lastname_initials_clear_first_name,SANTACRUZ LONDONO Jose,LONDONO J.,True
138,Character Extension,add_spc_in_letters,add_spc_in_letters,SANTACRUZ LONDONO Jose,SANTA CRUZ LONDONO Jose,True
139,Character Extension,add_prefix,add_al_and_hyphen,SANTACRUZ LONDONO Jose,SANTACRUZ LONDONO al-Jose,True
140,Character Extension,add_prefix,add_Al_and_space,SANTACRUZ LONDONO Jose,SANTACRUZ LONDONO Al-Jose,True
141,Character Extension,add_prefix,add_El_and_space,SANTACRUZ LONDONO Jose,SANTACRUZ LONDONO El-Jose,True
142,Character Extension,add_vowel,add_vowel,SANTACRUZ LONDONO Jose,SANTACRaUZ LONDONO Jose,True
143,Character Extension,add_h_before_vowel,add_h_before_vowel,SANTACRUZ LONDONO Jose,SANTACRUZ LONDONO Jhose,True
144,Character Extension,add_consonant,add_consonant_final_s,SANTACRUZ LONDONO Jose,SANTACRUZ LONDONO Joses,True
145,Character Extension,add_consonant,add_consonant_final_r,SANTACRUZ LONDONO Jose,SANTACRUZr LONDONO Jose,True
146,Character Extension,add_consonant,add_consonant_final_z,SANTACRUZ LONDONO Jose,SANTACRUZz LONDONO Jose,True
147,Character Extension,add_consonant,add_consonant_uncommon,SANTACRUZ LONDONO Jose,SANTACRUZ LONDONO Jofse,True
148,Character Extension,add_consonant,add_consonant_double,SANTACRUZ LONDONO Jose,SANTACRUZ LONDONO Josse,True
149,Character Extension,add_special_character,add_special_character_apostrophe,SANTACRUZ LONDONO Jose,SANTACRUZ LON'DONO Jose,True
150,Character Extension,add_special_character,add_special_character_accent,SANTACRUZ LONDONO Jose,SANTACRUZ LONDONO Jóse,True
151,Character Extension,add_special_character,add_special_character_uncommon,SANTACRUZ LONDONO Jose,SANTACRUZ LONDONO~ Jose,True
152,Character Replacement,phonetic_replacement,phonetic_replacement,SANTACRUZ LONDONO Jose,SANTACRUZ LONTHONO Jose,True
153,Character Replacement,typographic_error,typographic_error,SANTACRUZ LONDONO Jose,SANYACRUZ LONDONO Jose,True
154,Character Replacement,alphabet_alternative,alphabet_alternative,SANTACRUZ LONDONO Jose,SANTACRUZ LONDONO Jose,True
155,Character Reduction,phonetic_miss,remove_h,SANTACRUZ LONDONO Jose,SANTACRUZ LONDONO Jose,True
156,Transposition,phonetic_transposition,phonetic_transposition,SANTACRUZ LONDONO Jose,SANTACRUZ LONDONO Joes,True
157,Double Characters,double_character_reduction,double_character_reduction,SANTACRUZ LONDONO Jose,SANTACRUZ LONDONO Jose,True
158,Spaces,spaces_reduction,spaces_reduction,SANTACRUZ LONDONO Jose,SANTACRUZLONDONO Jose,True
159,Spaces,spaces_insertion,spaces_insertion,SANTACRUZ LONDONO Jose,SANTACRUZ LOND ONO Jose,True
160,Name Order,random_name_transposition,random_name_transposition,SANTACRUZ LONDONO Jose,Jose SANTACRUZ LONDONO,True
161,Name Order,transposition_name,transposition_name,SANTACRUZ LONDONO Jose,LONDONO SANTACRUZ Jose,True
162,Titles,title_insertion,title_insertion,SANTACRUZ LONDONO Jose,Mr SANTACRUZ LONDONO Jose,True
163,Missing Name Component,name_component_deletion,name_component_deletion,SANTACRUZ LONDONO Jose,SANTACRUZ Jose,True
164,Alias,Alias,Alias,Santacruz Londono Jose,El Gordo Chepe,True
165,Alias,Alias,Alias,Santacruz Londono Jose,Don Chepe,True
166,Alias,Alias,Alias,Santacruz Londono Jose,Chepe,True
167,Initials,firstname_initials_single,firstname_initials_single,BJELICA Milovan,B. Milovan,True
168,Initials,firstname_initials,firstname_initials,BJELICA Milovan,B. Milovan,True
169,Initials,initials_lastname,initials_lastname,BJELICA Milovan,BJELICA M.,True
170,Initials,lastname_initials_clear_first_name,lastname_initials_clear_first_name,BJELICA Milovan, M.,True
171,Character Extension,add_spc_in_letters,add_spc_in_letters,BJELICA Milovan,BJELICA Mil ovan,True
172,Character Extension,add_prefix,add_al_and_hyphen,BJELICA Milovan,BJELICA al-Milovan,True
173,Character Extension,add_prefix,add_Al_and_space,BJELICA Milovan,BJELICA Al-Milovan,True
174,Character Extension,add_prefix,add_El_and_space,BJELICA Milovan,BJELICA El-Milovan,True
175,Character Extension,add_vowel,add_vowel,BJELICA Milovan,BJELICA Milaovan,True
176,Character Extension,add_h_before_vowel,add_h_before_vowel,BJELICA Milovan,BJELICA Milhovan,True
177,Character Extension,add_consonant,add_consonant_final_s,BJELICA Milovan,BJELICAs Milovan,True
178,Character Extension,add_consonant,add_consonant_final_r,BJELICA Milovan,BJELICA Milovanr,True
179,Character Extension,add_consonant,add_consonant_final_z,BJELICA Milovan,BJELICA Milovanz,True
180,Character Extension,add_consonant,add_consonant_uncommon,BJELICA Milovan,BJELICcA Milovan,True
181,Character Extension,add_consonant,add_consonant_double,BJELICA Milovan,BJELICA Millovan,True
182,Character Extension,add_special_character,add_special_character_apostrophe,BJELICA Milovan,BJELICA Milov'an,True
183,Character Extension,add_special_character,add_special_character_accent,BJELICA Milovan,BJELICA Milován,True
184,Character Extension,add_special_character,add_special_character_uncommon,BJELICA Milovan,BJE-LICA Milovan,True
185,Character Replacement,phonetic_replacement,phonetic_replacement,BJELICA Milovan,BXELICA Milovan,True
186,Character Replacement,typographic_error,typographic_error,BJELICA Milovan,BJELICA Milpvan,True
187,Character Replacement,alphabet_alternative,alphabet_alternative,BJELICA Milovan,BJELICA Milovañ,True
188,Character Replacement,character_replacement_uncommon,character_replacement_uncommon,BJELICA Milovan,BJELIMA Milovan,True
189,Character Reduction,phonetic_miss,remove_h,BJELICA Milovan,BJELICA Milovan,True
190,Double Characters,double_character_reduction,double_character_reduction,BJELICA Milovan,BJELICA Milovan,True
191,Spaces,spaces_reduction,spaces_reduction,BJELICA Milovan,BJELICAMilovan,True
192,Spaces,spaces_insertion,spaces_insertion,BJELICA Milovan,BJ ELICA Milovan,True
193,Name Order,random_name_transposition,random_name_transposition,BJELICA Milovan,Milovan BJELICA,True
194,Name Order,transposition_name,transposition_name,BJELICA Milovan,Milovan BJELICA,True
195,Titles,title_insertion,title_insertion,BJELICA Milovan,Ms. BJELICA Milovan,True
196,Missing Name Component,name_component_deletion,name_component_deletion,BJELICA Milovan,Milovan,True
197,Alias,Alias,Alias,Bjelica Milovan,Cicko,True
